Depth (cm),Simulation,R-squared,NSE,RMSE
6,soil_temp_tc_f_0.5_tc_uf_1.5_smcmax_0.468,0.9941856951555726,0.9903873063325184,0.3747520171885381
6,soil_temp_tc_f_0.25_tc_uf_2.0_smcmax_0.468,0.9940961800997405,0.9933481425703651,0.311740260557648
6,soil_temp_tc_f_0.5_tc_uf_2.0_smcmax_0.468,0.9943054578365081,0.9907670992777485,0.3672742755673001
6,soil_temp_tc_f_0.25_tc_uf_1.5_smcmax_0.468,0.9947340047881822,0.9940232753414082,0.29549698379159056
30,soil_temp_tc_f_0.5_tc_uf_1.5_smcmax_0.468,0.9236723262157666,0.8950598732289679,0.9319804101266543
30,soil_temp_tc_f_0.25_tc_uf_2.0_smcmax_0.468,0.9251244358328146,0.9113035699115352,0.856818947267094
30,soil_temp_tc_f_0.5_tc_uf_2.0_smcmax_0.468,0.9417276009471394,0.9041877955225479,0.8905255982655103
30,soil_temp_tc_f_0.25_tc_uf_1.5_smcmax_0.468,0.9183920709958424,0.905812730216587,0.8829418365961694
