Depth (cm),Simulation,Correlation,Mean Difference (Observed - Simulated),RMSE
6,soil_temp_tc_1.5,0.9879125940283897,0.577885901309144,0.8255156741177871
6,soil_temp_tc_1.0,0.9834603405851969,0.5947264853977651,0.8516134329657836
6,soil_temp_tc_0.5,0.952765855634004,0.6612829808660435,1.153603087774201
6,soil_temp_tc_2.0,0.988850860941526,0.5509473313192144,0.8305195527555099
30,soil_temp_tc_1.5,0.9272591079434507,1.9276382678751058,2.0898698210211477
30,soil_temp_tc_1.0,0.890018962766067,1.663276032225559,1.870840228912692
30,soil_temp_tc_0.5,0.7857963272846136,1.2251534743202184,1.601091067903589
30,soil_temp_tc_2.0,0.944962704880358,2.0683691842900114,2.2206115557742314
