Depth (cm),Simulation,R-squared,NSE,RMSE
6,best_entire_tc_f_0.2_tc_uf_1.2_smcmax_0.6,0.9986822240841807,0.998090781530285,0.16701260168507626
6,best_2nd_frez_tc_f_0.2_tc_uf_1.2_smcmax_0.7,0.9978436095848165,0.996414139047956,0.2288854312819997
6,best_1st_frez_tc_f_0.15_tc_uf_1.2_smcmax_0.6,0.9979500576410619,0.9970045993740443,0.20919383711401768
30,best_entire_tc_f_0.2_tc_uf_1.2_smcmax_0.6,0.9661757868024959,0.954548857832458,0.6133500318428011
30,best_2nd_frez_tc_f_0.2_tc_uf_1.2_smcmax_0.7,0.9885827942001516,0.98025405365743,0.404273214555452
30,best_1st_frez_tc_f_0.15_tc_uf_1.2_smcmax_0.6,0.9505262146532137,0.9132723540203858,0.8472562297241132
