Depth (cm),Simulation,R-squared,NSE,RMSE
6,best_1st_tc_f_0.15_tc_uf_1.3_smcmax_0.468,0.999052475175972,0.9986555014567609,0.3444012897558225
6,best_2nd_tc_f_0.35_tc_uf_1.7_smcmax_0.468,0.9995633712783715,0.9987181895243447,0.3362764929319651
6,best_entire_tc_f_0.25_tc_uf_1.4_smcmax_0.468,0.9994971744899988,0.9989132976263149,0.3096277729373807
30,best_1st_tc_f_0.15_tc_uf_1.3_smcmax_0.468,0.9910879042713148,0.991003227502513,0.7534841091184102
30,best_2nd_tc_f_0.35_tc_uf_1.7_smcmax_0.468,0.9953705545567408,0.9913697473463892,0.73797641643396
30,best_entire_tc_f_0.25_tc_uf_1.4_smcmax_0.468,0.9934901658667132,0.9923978307794251,0.6926271233008711
