Depth (cm),Simulation,R-squared,NSE,RMSE
30,15_nov_entire_tc_f_2.0_tc_uf_10.5_smcmax_0.5_hcsoil_22.0,0.9963348448660556,0.9951564237073284,0.5528582575815262
30,15_nov_combi_tc_f_2.3_tc_uf_10.5_smcmax_0.5_hcsoil_22.0,0.9967927836660142,0.9950501169570256,0.5588923909852915
30,20_nov_2nd_soil_temp_tc_f_2.3_tc_uf_12.0_smcmax_0.5_hcsoil_22.0,0.9978458360259663,0.994697535059446,0.5784550689284608
30,15_nov_2nd_soil_temp_tc_f_2.5_tc_uf_12.0_smcmax_0.5_hcsoil_22.0,0.9974110136725401,0.994554349120606,0.5862132438658986
30,20_nov_combi_soil_temp_tc_f_2.2_tc_uf_10.5_smcmax_0.5_hcsoil_22.0,0.9974762334406516,0.9951688715737659,0.5521473848085853
