Depth (cm),Simulation,Correlation,Mean Difference (Observed - Simulated),RMSE
6,soil_temp_tc_1.25,0.9943455165005642,0.414021522428616,0.6049764376775152
6,soil_temp_tc_0.75,0.9926909595762138,0.42645484065849176,0.633962002217987
6,soil_temp_tc_1.0,0.9939231159674526,0.4145145748376165,0.6065095172936475
30,soil_temp_tc_1.25,0.9332421944656958,1.3735537683129235,1.92756527488741
30,soil_temp_tc_0.75,0.8904570639639481,1.216481045159321,1.9860925861819838
30,soil_temp_tc_1.0,0.9185320344059801,1.272936036852419,1.9158818967231441
